,Country,Source,Series,Year,Unit,Value_x,SUBJECT,MEASURE,FREQUENCY,Value_y,Flag Codes
0,Hungary,Survey data,Trade union  density,2009,Percentage,11.9,TOT,USD_CAP,A,20689.0467,
1,Hungary,Survey data,Trade union  density,2015,Percentage,9.0,TOT,USD_CAP,A,26777.47046,
2,Hungary,Administrative data,Trade union  density,2015,Percentage,9.4,TOT,USD_CAP,A,26777.47046,
3,Poland,Administrative data,Trade union  density,2009,Percentage,16.3,TOT,USD_CAP,A,19088.28902,
4,Poland,Administrative data,Trade union  density,2010,Percentage,18.3,TOT,USD_CAP,A,20828.986530000002,
5,Poland,Administrative data,Trade union  density,2011,Percentage,17.0,TOT,USD_CAP,A,22553.514219999997,
6,Poland,Administrative data,Trade union  density,2012,Percentage,15.4,TOT,USD_CAP,A,23455.56031,
7,Poland,Administrative data,Trade union  density,2014,Percentage,15.0,TOT,USD_CAP,A,25162.875509999998,
8,Poland,Administrative data,Trade union  density,2016,Percentage,12.7,TOT,USD_CAP,A,27985.340010000004,
9,Mexico,Administrative data,Trade union  density,2009,Percentage,14.5,TOT,USD_CAP,A,14532.38651,
10,Mexico,Survey data,Trade union  density,2009,Percentage,15.3,TOT,USD_CAP,A,14532.38651,
11,Mexico,Administrative data,Trade union  density,2010,Percentage,13.8,TOT,USD_CAP,A,15257.673659999999,
12,Mexico,Survey data,Trade union  density,2010,Percentage,14.5,TOT,USD_CAP,A,15257.673659999999,
13,Sweden,Administrative data,Trade union  density,2009,Percentage,70.8,TOT,USD_CAP,A,40309.17759,
14,Sweden,Survey data,Trade union  density,2009,Percentage,68.4,TOT,USD_CAP,A,40309.17759,
15,Sweden,Administrative data,Trade union  density,2010,Percentage,70.2,TOT,USD_CAP,A,42256.28007,
16,Sweden,Survey data,Trade union  density,2010,Percentage,68.2,TOT,USD_CAP,A,42256.28007,
17,Sweden,Administrative data,Trade union  density,2011,Percentage,68.3,TOT,USD_CAP,A,44608.6439,
18,Sweden,Survey data,Trade union  density,2011,Percentage,67.5,TOT,USD_CAP,A,44608.6439,
19,Sweden,Administrative data,Trade union  density,2012,Percentage,68.4,TOT,USD_CAP,A,45432.30693,
20,Sweden,Survey data,Trade union  density,2012,Percentage,67.5,TOT,USD_CAP,A,45432.30693,
21,Sweden,Administrative data,Trade union  density,2013,Percentage,68.0,TOT,USD_CAP,A,46312.29369,
22,Sweden,Survey data,Trade union  density,2013,Percentage,67.7,TOT,USD_CAP,A,46312.29369,
23,Sweden,Administrative data,Trade union  density,2014,Percentage,67.7,TOT,USD_CAP,A,47184.7194,
24,Sweden,Survey data,Trade union  density,2014,Percentage,67.3,TOT,USD_CAP,A,47184.7194,
25,Sweden,Administrative data,Trade union  density,2015,Percentage,67.8,TOT,USD_CAP,A,49103.0618,
26,Sweden,Survey data,Trade union  density,2015,Percentage,67.0,TOT,USD_CAP,A,49103.0618,
27,Sweden,Administrative data,Trade union  density,2016,Percentage,66.9,TOT,USD_CAP,A,50430.17456,
28,Sweden,Survey data,Trade union  density,2016,Percentage,66.7,TOT,USD_CAP,A,50430.17456,
29,Sweden,Administrative data,Trade union  density,2017,Percentage,65.6,TOT,USD_CAP,A,52113.823280000004,
30,Sweden,Survey data,Trade union  density,2017,Percentage,66.1,TOT,USD_CAP,A,52113.823280000004,
31,France,Administrative data,Trade union  density,2009,Percentage,8.8,TOT,USD_CAP,A,34711.65571,
32,France,Administrative data,Trade union  density,2010,Percentage,9.0,TOT,USD_CAP,A,35939.455839999995,
33,France,Survey data,Trade union  density,2010,Percentage,10.8,TOT,USD_CAP,A,35939.455839999995,
34,France,Administrative data,Trade union  density,2011,Percentage,9.1,TOT,USD_CAP,A,37447.949539999994,
35,France,Administrative data,Trade union  density,2012,Percentage,9.1,TOT,USD_CAP,A,37684.19807,
36,France,Administrative data,Trade union  density,2013,Percentage,9.0,TOT,USD_CAP,A,39528.47364,
37,France,Survey data,Trade union  density,2013,Percentage,11.0,TOT,USD_CAP,A,39528.47364,
38,France,Administrative data,Trade union  density,2014,Percentage,9.0,TOT,USD_CAP,A,40144.05949,
39,France,Administrative data,Trade union  density,2015,Percentage,9.0,TOT,USD_CAP,A,40829.89331,
40,France,Administrative data,Trade union  density,2016,Percentage,9.0,TOT,USD_CAP,A,42855.94456,
41,France,Survey data,Trade union  density,2016,Percentage,10.8,TOT,USD_CAP,A,42855.94456,
42,France,Administrative data,Trade union  density,2017,Percentage,8.9,TOT,USD_CAP,A,44622.75826,
43,France,Administrative data,Trade union  density,2018,Percentage,8.8,TOT,USD_CAP,A,47922.18851,P
44,Norway,Administrative data,Trade union  density,2009,Percentage,49.8,TOT,USD_CAP,A,55401.83115,
45,Norway,Administrative data,Trade union  density,2010,Percentage,50.0,TOT,USD_CAP,A,57966.866729999994,
46,Norway,Administrative data,Trade union  density,2011,Percentage,49.3,TOT,USD_CAP,A,62077.8458,
47,Norway,Administrative data,Trade union  density,2012,Percentage,49.3,TOT,USD_CAP,A,65349.21616,
48,Norway,Administrative data,Trade union  density,2013,Percentage,49.3,TOT,USD_CAP,A,66956.28596000001,
49,Norway,Survey data,Trade union  density,2013,Percentage,52.0,TOT,USD_CAP,A,66956.28596000001,
50,Norway,Administrative data,Trade union  density,2014,Percentage,49.7,TOT,USD_CAP,A,65895.66761,
51,Norway,Survey data,Trade union  density,2014,Percentage,54.0,TOT,USD_CAP,A,65895.66761,
52,Norway,Administrative data,Trade union  density,2015,Percentage,49.3,TOT,USD_CAP,A,60352.71691,
53,Norway,Administrative data,Trade union  density,2016,Percentage,49.3,TOT,USD_CAP,A,58923.240139999994,
54,Norway,Survey data,Trade union  density,2016,Percentage,52.0,TOT,USD_CAP,A,58923.240139999994,
55,Norway,Administrative data,Trade union  density,2017,Percentage,49.3,TOT,USD_CAP,A,64254.892620000006,
56,Norway,Survey data,Trade union  density,2017,Percentage,51.3,TOT,USD_CAP,A,64254.892620000006,
57,Norway,Administrative data,Trade union  density,2018,Percentage,49.2,TOT,USD_CAP,A,71909.29957999999,
58,Iceland,Administrative data,Trade union  density,2011,Percentage,83.4,TOT,USD_CAP,A,40938.66455,
59,Iceland,Survey data,Trade union  density,2011,Percentage,85.0,TOT,USD_CAP,A,40938.66455,
60,Iceland,Administrative data,Trade union  density,2013,Percentage,87.8,TOT,USD_CAP,A,44404.731589999996,
61,Iceland,Survey data,Trade union  density,2013,Percentage,88.9,TOT,USD_CAP,A,44404.731589999996,
62,Iceland,Administrative data,Trade union  density,2015,Percentage,90.0,TOT,USD_CAP,A,49203.294989999995,
63,Iceland,Survey data,Trade union  density,2015,Percentage,91.6,TOT,USD_CAP,A,49203.294989999995,
64,Iceland,Administrative data,Trade union  density,2016,Percentage,89.8,TOT,USD_CAP,A,53486.61577,
65,Iceland,Survey data,Trade union  density,2016,Percentage,90.4,TOT,USD_CAP,A,53486.61577,
66,Iceland,Administrative data,Trade union  density,2018,Percentage,91.8,TOT,USD_CAP,A,59974.513479999994,
67,Iceland,Survey data,Trade union  density,2018,Percentage,90.7,TOT,USD_CAP,A,59974.513479999994,
68,Latvia,Administrative data,Trade union  density,2009,Percentage,15.1,TOT,USD_CAP,A,16973.3696,
69,Latvia,Administrative data,Trade union  density,2010,Percentage,15.0,TOT,USD_CAP,A,17658.753569999997,
70,Latvia,Administrative data,Trade union  density,2011,Percentage,13.6,TOT,USD_CAP,A,19887.74914,
71,Latvia,Administrative data,Trade union  density,2012,Percentage,13.1,TOT,USD_CAP,A,21414.57035,
72,Latvia,Administrative data,Trade union  density,2013,Percentage,12.8,TOT,USD_CAP,A,22811.03083,
73,Latvia,Administrative data,Trade union  density,2014,Percentage,12.7,TOT,USD_CAP,A,23798.23355,
74,Latvia,Administrative data,Trade union  density,2015,Percentage,12.6,TOT,USD_CAP,A,24964.048130000003,
75,Latvia,Administrative data,Trade union  density,2016,Percentage,12.3,TOT,USD_CAP,A,26712.83524,
76,Latvia,Administrative data,Trade union  density,2017,Percentage,12.2,TOT,USD_CAP,A,28757.54011,
77,Latvia,Administrative data,Trade union  density,2018,Percentage,11.9,TOT,USD_CAP,A,31786.67088,
78,Estonia,Survey data,Trade union  density,2009,Percentage,7.6,TOT,USD_CAP,A,20590.60484,
79,Estonia,Administrative data,Trade union  density,2009,Percentage,7.7,TOT,USD_CAP,A,20590.60484,
80,Estonia,Survey data,Trade union  density,2010,Percentage,8.2,TOT,USD_CAP,A,21781.66143,
81,Estonia,Administrative data,Trade union  density,2010,Percentage,8.1,TOT,USD_CAP,A,21781.66143,
82,Estonia,Survey data,Trade union  density,2011,Percentage,7.0,TOT,USD_CAP,A,24735.34666,
83,Estonia,Administrative data,Trade union  density,2011,Percentage,7.0,TOT,USD_CAP,A,24735.34666,
84,Estonia,Survey data,Trade union  density,2012,Percentage,6.0,TOT,USD_CAP,A,26141.08353,
85,Estonia,Administrative data,Trade union  density,2012,Percentage,6.1,TOT,USD_CAP,A,26141.08353,
86,Estonia,Survey data,Trade union  density,2013,Percentage,5.6,TOT,USD_CAP,A,27596.45861,
87,Estonia,Administrative data,Trade union  density,2013,Percentage,5.7,TOT,USD_CAP,A,27596.45861,
88,Estonia,Survey data,Trade union  density,2014,Percentage,5.3,TOT,USD_CAP,A,29107.89112,
89,Estonia,Administrative data,Trade union  density,2014,Percentage,5.5,TOT,USD_CAP,A,29107.89112,
90,Estonia,Survey data,Trade union  density,2015,Percentage,4.5,TOT,USD_CAP,A,29436.420260000003,
91,Estonia,Administrative data,Trade union  density,2015,Percentage,4.7,TOT,USD_CAP,A,29436.420260000003,
92,Estonia,Survey data,Trade union  density,2016,Percentage,5.0,TOT,USD_CAP,A,31574.44685,
93,Estonia,Administrative data,Trade union  density,2016,Percentage,4.4,TOT,USD_CAP,A,31574.44685,
94,Estonia,Survey data,Trade union  density,2017,Percentage,4.7,TOT,USD_CAP,A,34010.35371,
95,Estonia,Administrative data,Trade union  density,2017,Percentage,4.3,TOT,USD_CAP,A,34010.35371,
96,Belgium,Administrative data,Trade union  density,2009,Percentage,54.9,TOT,USD_CAP,A,37777.285280000004,
97,Belgium,Administrative data,Trade union  density,2010,Percentage,53.8,TOT,USD_CAP,A,39870.45633,
98,Belgium,Administrative data,Trade union  density,2011,Percentage,55.1,TOT,USD_CAP,A,40942.23072,
99,Belgium,Administrative data,Trade union  density,2012,Percentage,55.0,TOT,USD_CAP,A,42290.85843,
100,Belgium,Administrative data,Trade union  density,2013,Percentage,55.1,TOT,USD_CAP,A,43671.14688,
101,Belgium,Administrative data,Trade union  density,2014,Percentage,53.8,TOT,USD_CAP,A,44929.53249,
102,Belgium,Administrative data,Trade union  density,2015,Percentage,54.2,TOT,USD_CAP,A,46200.86629,
103,Belgium,Administrative data,Trade union  density,2016,Percentage,52.8,TOT,USD_CAP,A,48597.48712,
104,Belgium,Administrative data,Trade union  density,2017,Percentage,51.9,TOT,USD_CAP,A,50596.42405,
105,Belgium,Administrative data,Trade union  density,2018,Percentage,50.3,TOT,USD_CAP,A,54330.06365,
106,Israel,Survey data,Trade union  density,2012,Percentage,23.4,TOT,USD_CAP,A,31706.1862,
107,Israel,Administrative data,Trade union  density,2012,Percentage,22.8,TOT,USD_CAP,A,31706.1862,
108,Canada,Administrative data,Trade union  density,2009,Percentage,30.7,TOT,USD_CAP,A,38893.72746,
109,Canada,Survey data,Trade union  density,2009,Percentage,27.3,TOT,USD_CAP,A,38893.72746,
110,Canada,Administrative data,Trade union  density,2010,Percentage,30.1,TOT,USD_CAP,A,40114.22204,
111,Canada,Survey data,Trade union  density,2010,Percentage,27.2,TOT,USD_CAP,A,40114.22204,
112,Canada,Administrative data,Trade union  density,2011,Percentage,29.8,TOT,USD_CAP,A,41666.71885,
113,Canada,Survey data,Trade union  density,2011,Percentage,26.9,TOT,USD_CAP,A,41666.71885,
114,Canada,Administrative data,Trade union  density,2012,Percentage,29.8,TOT,USD_CAP,A,42290.87908,
115,Canada,Survey data,Trade union  density,2012,Percentage,27.2,TOT,USD_CAP,A,42290.87908,
116,Canada,Administrative data,Trade union  density,2013,Percentage,29.2,TOT,USD_CAP,A,44298.514460000006,
117,Canada,Survey data,Trade union  density,2013,Percentage,27.1,TOT,USD_CAP,A,44298.514460000006,
118,Canada,Administrative data,Trade union  density,2014,Percentage,29.3,TOT,USD_CAP,A,45753.78294,
119,Canada,Survey data,Trade union  density,2014,Percentage,26.4,TOT,USD_CAP,A,45753.78294,
120,Canada,Administrative data,Trade union  density,2015,Percentage,29.4,TOT,USD_CAP,A,44670.05437,
121,Canada,Survey data,Trade union  density,2015,Percentage,26.5,TOT,USD_CAP,A,44670.05437,
122,New Zealand,Survey data,Trade union  density,2016,Percentage,18.3,TOT,USD_CAP,A,39896.6835,
123,New Zealand,Administrative data,Trade union  density,2016,Percentage,17.7,TOT,USD_CAP,A,39896.6835,
124,New Zealand,Survey data,Trade union  density,2017,Percentage,18.7,TOT,USD_CAP,A,42338.884060000004,
125,New Zealand,Administrative data,Trade union  density,2017,Percentage,17.3,TOT,USD_CAP,A,42338.884060000004,
126,New Zealand,Survey data,Trade union  density,2018,Percentage,18.8,TOT,USD_CAP,A,44463.05265,P
127,Ireland,Administrative data,Trade union  density,2009,Percentage,31.5,TOT,USD_CAP,A,41532.21297,
128,Ireland,Survey data,Trade union  density,2009,Percentage,31.9,TOT,USD_CAP,A,41532.21297,
129,Ireland,Administrative data,Trade union  density,2010,Percentage,33.5,TOT,USD_CAP,A,43320.05059,
130,Ireland,Survey data,Trade union  density,2010,Percentage,31.6,TOT,USD_CAP,A,43320.05059,
131,Ireland,Administrative data,Trade union  density,2011,Percentage,32.7,TOT,USD_CAP,A,44902.99688,
132,Ireland,Survey data,Trade union  density,2011,Percentage,31.6,TOT,USD_CAP,A,44902.99688,
133,Ireland,Administrative data,Trade union  density,2013,Percentage,30.5,TOT,USD_CAP,A,47924.388289999995,
134,Ireland,Survey data,Trade union  density,2013,Percentage,28.5,TOT,USD_CAP,A,47924.388289999995,
135,Ireland,Administrative data,Trade union  density,2016,Percentage,25.6,TOT,USD_CAP,A,71793.28575,
136,Ireland,Survey data,Trade union  density,2016,Percentage,23.4,TOT,USD_CAP,A,71793.28575,
137,Ireland,Administrative data,Trade union  density,2017,Percentage,24.5,TOT,USD_CAP,A,78990.82586,
138,Ireland,Survey data,Trade union  density,2017,Percentage,24.3,TOT,USD_CAP,A,78990.82586,
139,Chile,Administrative data,Trade union  density,2009,Percentage,14.4,TOT,USD_CAP,A,16119.89398,
140,Chile,Administrative data,Trade union  density,2010,Percentage,14.6,TOT,USD_CAP,A,18129.08799,
141,Chile,Administrative data,Trade union  density,2011,Percentage,14.5,TOT,USD_CAP,A,20302.78871,
142,Chile,Administrative data,Trade union  density,2012,Percentage,15.1,TOT,USD_CAP,A,21446.53762,
143,Chile,Administrative data,Trade union  density,2013,Percentage,14.8,TOT,USD_CAP,A,22352.530730000002,
144,Chile,Administrative data,Trade union  density,2014,Percentage,15.3,TOT,USD_CAP,A,22687.93302,
145,Chile,Administrative data,Trade union  density,2015,Percentage,16.1,TOT,USD_CAP,A,22603.76838,
146,Chile,Administrative data,Trade union  density,2016,Percentage,17.7,TOT,USD_CAP,A,23349.677000000003,
147,Spain,Administrative data,Trade union  density,2009,Percentage,18.3,TOT,USD_CAP,A,32112.818689999996,
148,Spain,Survey data,Trade union  density,2009,Percentage,19.9,TOT,USD_CAP,A,32112.818689999996,
149,Spain,Administrative data,Trade union  density,2010,Percentage,18.3,TOT,USD_CAP,A,31716.70974,
150,Spain,Survey data,Trade union  density,2010,Percentage,18.9,TOT,USD_CAP,A,31716.70974,
151,Spain,Administrative data,Trade union  density,2011,Percentage,17.9,TOT,USD_CAP,A,31872.36309,
152,Spain,Administrative data,Trade union  density,2012,Percentage,18.2,TOT,USD_CAP,A,31724.631510000003,
153,Spain,Administrative data,Trade union  density,2013,Percentage,17.9,TOT,USD_CAP,A,32452.65968,
154,Spain,Administrative data,Trade union  density,2014,Percentage,16.8,TOT,USD_CAP,A,33544.35201,
155,Spain,Administrative data,Trade union  density,2015,Percentage,15.2,TOT,USD_CAP,A,34929.209689999996,
156,Spain,Administrative data,Trade union  density,2016,Percentage,14.8,TOT,USD_CAP,A,37313.63491,
157,Spain,Administrative data,Trade union  density,2017,Percentage,14.2,TOT,USD_CAP,A,39706.576010000004,
158,Spain,Administrative data,Trade union  density,2018,Percentage,13.6,TOT,USD_CAP,A,42067.24875,P
159,Finland,Administrative data,Trade union  density,2009,Percentage,71.1,TOT,USD_CAP,A,38000.01877,
160,Finland,Survey data,Trade union  density,2009,Percentage,65.7,TOT,USD_CAP,A,38000.01877,
161,Finland,Administrative data,Trade union  density,2010,Percentage,70.3,TOT,USD_CAP,A,38985.87199,
162,Finland,Survey data,Trade union  density,2010,Percentage,64.7,TOT,USD_CAP,A,38985.87199,
163,Finland,Administrative data,Trade union  density,2011,Percentage,69.5,TOT,USD_CAP,A,40916.64733,
164,Finland,Survey data,Trade union  density,2011,Percentage,64.2,TOT,USD_CAP,A,40916.64733,
165,Finland,Administrative data,Trade union  density,2012,Percentage,69.6,TOT,USD_CAP,A,40872.8548,
166,Finland,Survey data,Trade union  density,2012,Percentage,63.7,TOT,USD_CAP,A,40872.8548,
167,Finland,Administrative data,Trade union  density,2013,Percentage,68.2,TOT,USD_CAP,A,41492.91842,
168,Finland,Survey data,Trade union  density,2013,Percentage,63.5,TOT,USD_CAP,A,41492.91842,
169,Finland,Administrative data,Trade union  density,2014,Percentage,67.6,TOT,USD_CAP,A,41749.86473,
170,Finland,Survey data,Trade union  density,2014,Percentage,63.0,TOT,USD_CAP,A,41749.86473,
171,Finland,Administrative data,Trade union  density,2015,Percentage,66.4,TOT,USD_CAP,A,42490.21105,
172,Finland,Survey data,Trade union  density,2015,Percentage,62.9,TOT,USD_CAP,A,42490.21105,
173,Finland,Administrative data,Trade union  density,2016,Percentage,64.9,TOT,USD_CAP,A,44934.48825,
174,Finland,Survey data,Trade union  density,2016,Percentage,60.3,TOT,USD_CAP,A,44934.48825,
175,Finland,Administrative data,Trade union  density,2017,Percentage,62.2,TOT,USD_CAP,A,47722.17194,
176,Finland,Survey data,Trade union  density,2017,Percentage,58.1,TOT,USD_CAP,A,47722.17194,
177,Finland,Administrative data,Trade union  density,2018,Percentage,60.3,TOT,USD_CAP,A,51296.00153,
178,Luxembourg,Administrative data,Trade union  density,2009,Percentage,35.9,TOT,USD_CAP,A,82249.99851,
179,Luxembourg,Administrative data,Trade union  density,2010,Percentage,35.1,TOT,USD_CAP,A,85587.01465,
180,Luxembourg,Survey data,Trade union  density,2010,Percentage,40.0,TOT,USD_CAP,A,85587.01465,
181,Luxembourg,Administrative data,Trade union  density,2011,Percentage,35.1,TOT,USD_CAP,A,91814.03661,
182,Luxembourg,Survey data,Trade union  density,2011,Percentage,36.6,TOT,USD_CAP,A,91814.03661,
183,Luxembourg,Administrative data,Trade union  density,2012,Percentage,35.3,TOT,USD_CAP,A,91526.72071000001,
184,Luxembourg,Survey data,Trade union  density,2012,Percentage,35.2,TOT,USD_CAP,A,91526.72071000001,
185,Luxembourg,Administrative data,Trade union  density,2013,Percentage,34.8,TOT,USD_CAP,A,95246.11389,
186,Luxembourg,Survey data,Trade union  density,2013,Percentage,34.0,TOT,USD_CAP,A,95246.11389,
187,Luxembourg,Administrative data,Trade union  density,2014,Percentage,34.1,TOT,USD_CAP,A,100933.6045,
188,Luxembourg,Survey data,Trade union  density,2014,Percentage,36.3,TOT,USD_CAP,A,100933.6045,
189,Luxembourg,Administrative data,Trade union  density,2015,Percentage,33.3,TOT,USD_CAP,A,103760.12800000001,
190,Luxembourg,Administrative data,Trade union  density,2016,Percentage,32.3,TOT,USD_CAP,A,110260.9344,
191,Luxembourg,Administrative data,Trade union  density,2017,Percentage,32.1,TOT,USD_CAP,A,112545.9703,
192,Luxembourg,Administrative data,Trade union  density,2018,Percentage,31.8,TOT,USD_CAP,A,120156.754,
193,Korea,Administrative data,Trade union  density,2009,Percentage,9.9,TOT,USD_CAP,A,29529.7856,
194,Korea,Survey data,Trade union  density,2009,Percentage,12.2,TOT,USD_CAP,A,29529.7856,
195,Korea,Administrative data,Trade union  density,2010,Percentage,9.6,TOT,USD_CAP,A,31748.35357,
196,Korea,Survey data,Trade union  density,2010,Percentage,11.4,TOT,USD_CAP,A,31748.35357,
197,Korea,Administrative data,Trade union  density,2011,Percentage,9.8,TOT,USD_CAP,A,32546.51773,
198,Korea,Survey data,Trade union  density,2011,Percentage,10.9,TOT,USD_CAP,A,32546.51773,
199,Korea,Administrative data,Trade union  density,2012,Percentage,9.9,TOT,USD_CAP,A,33557.03045,
200,Korea,Survey data,Trade union  density,2012,Percentage,11.5,TOT,USD_CAP,A,33557.03045,
201,Korea,Administrative data,Trade union  density,2013,Percentage,10.1,TOT,USD_CAP,A,34244.23949,
202,Korea,Survey data,Trade union  density,2013,Percentage,12.4,TOT,USD_CAP,A,34244.23949,
203,Korea,Administrative data,Trade union  density,2014,Percentage,10.0,TOT,USD_CAP,A,35324.2603,
204,Korea,Survey data,Trade union  density,2014,Percentage,12.5,TOT,USD_CAP,A,35324.2603,
205,Korea,Administrative data,Trade union  density,2015,Percentage,10.0,TOT,USD_CAP,A,37902.36102,
206,Korea,Survey data,Trade union  density,2015,Percentage,12.3,TOT,USD_CAP,A,37902.36102,
207,Korea,Administrative data,Trade union  density,2016,Percentage,10.0,TOT,USD_CAP,A,39575.30208,
208,Korea,Survey data,Trade union  density,2016,Percentage,11.9,TOT,USD_CAP,A,39575.30208,
209,Korea,Administrative data,Trade union  density,2017,Percentage,10.5,TOT,USD_CAP,A,41110.573580000004,
210,Korea,Survey data,Trade union  density,2017,Percentage,12.4,TOT,USD_CAP,A,41110.573580000004,
211,United Kingdom,Survey data,Trade union  density,2009,Percentage,27.4,TOT,USD_CAP,A,35052.17484,
212,United Kingdom,Administrative data,Trade union  density,2009,Percentage,27.0,TOT,USD_CAP,A,35052.17484,
213,United Kingdom,Survey data,Trade union  density,2010,Percentage,26.6,TOT,USD_CAP,A,36468.172569999995,
214,United Kingdom,Administrative data,Trade union  density,2010,Percentage,26.8,TOT,USD_CAP,A,36468.172569999995,
215,United Kingdom,Survey data,Trade union  density,2011,Percentage,26.0,TOT,USD_CAP,A,37154.16298,
216,United Kingdom,Administrative data,Trade union  density,2011,Percentage,26.5,TOT,USD_CAP,A,37154.16298,
217,United Kingdom,Survey data,Trade union  density,2012,Percentage,26.1,TOT,USD_CAP,A,38296.701030000004,
218,United Kingdom,Administrative data,Trade union  density,2012,Percentage,26.1,TOT,USD_CAP,A,38296.701030000004,
219,United Kingdom,Survey data,Trade union  density,2013,Percentage,25.6,TOT,USD_CAP,A,39945.104530000004,
220,United Kingdom,Administrative data,Trade union  density,2013,Percentage,25.4,TOT,USD_CAP,A,39945.104530000004,
221,United Kingdom,Survey data,Trade union  density,2014,Percentage,25.0,TOT,USD_CAP,A,41292.49129,
222,United Kingdom,Administrative data,Trade union  density,2014,Percentage,25.0,TOT,USD_CAP,A,41292.49129,
223,United Kingdom,Survey data,Trade union  density,2015,Percentage,24.7,TOT,USD_CAP,A,42571.65341,
224,United Kingdom,Administrative data,Trade union  density,2015,Percentage,24.2,TOT,USD_CAP,A,42571.65341,
225,United Kingdom,Survey data,Trade union  density,2016,Percentage,23.6,TOT,USD_CAP,A,44125.53499,
226,United Kingdom,Administrative data,Trade union  density,2016,Percentage,23.7,TOT,USD_CAP,A,44125.53499,
227,United Kingdom,Survey data,Trade union  density,2017,Percentage,23.3,TOT,USD_CAP,A,45903.89204,
228,United Kingdom,Administrative data,Trade union  density,2017,Percentage,23.2,TOT,USD_CAP,A,45903.89204,
229,United Kingdom,Survey data,Trade union  density,2018,Percentage,23.4,TOT,USD_CAP,A,48651.56579,
230,United Kingdom,Administrative data,Trade union  density,2018,Percentage,23.4,TOT,USD_CAP,A,48651.56579,
231,Australia,Survey data,Trade union  density,2009,Percentage,19.6,TOT,USD_CAP,A,41614.09072,
232,Australia,Survey data,Trade union  density,2010,Percentage,18.4,TOT,USD_CAP,A,42787.06596,
233,Australia,Survey data,Trade union  density,2011,Percentage,18.4,TOT,USD_CAP,A,44419.30975,
234,Australia,Survey data,Trade union  density,2012,Percentage,18.2,TOT,USD_CAP,A,43879.180360000006,
235,Australia,Survey data,Trade union  density,2013,Percentage,17.0,TOT,USD_CAP,A,47761.214060000006,
236,Australia,Administrative data,Trade union  density,2013,Percentage,17.1,TOT,USD_CAP,A,47761.214060000006,
237,Australia,Survey data,Trade union  density,2014,Percentage,15.1,TOT,USD_CAP,A,47644.76279,
238,Australia,Survey data,Trade union  density,2016,Percentage,14.6,TOT,USD_CAP,A,50237.79443,
239,Australia,Survey data,Trade union  density,2018,Percentage,13.7,TOT,USD_CAP,A,54262.88285,
240,Netherlands,Survey data,Trade union  density,2009,Percentage,19.1,TOT,USD_CAP,A,44590.78156,
241,Netherlands,Administrative data,Trade union  density,2009,Percentage,20.0,TOT,USD_CAP,A,44590.78156,
242,Netherlands,Survey data,Trade union  density,2010,Percentage,18.6,TOT,USD_CAP,A,45079.36741,
243,Netherlands,Administrative data,Trade union  density,2010,Percentage,19.5,TOT,USD_CAP,A,45079.36741,
244,Netherlands,Survey data,Trade union  density,2011,Percentage,18.4,TOT,USD_CAP,A,46599.227660000004,
245,Netherlands,Administrative data,Trade union  density,2011,Percentage,19.3,TOT,USD_CAP,A,46599.227660000004,
246,Netherlands,Survey data,Trade union  density,2012,Percentage,17.9,TOT,USD_CAP,A,47271.96823,
247,Netherlands,Administrative data,Trade union  density,2012,Percentage,18.8,TOT,USD_CAP,A,47271.96823,
248,Netherlands,Survey data,Trade union  density,2013,Percentage,17.8,TOT,USD_CAP,A,49242.78671,
249,Netherlands,Administrative data,Trade union  density,2013,Percentage,18.2,TOT,USD_CAP,A,49242.78671,
250,Turkey,Administrative data,Trade union  density,2013,Percentage,6.3,TOT,USD_CAP,A,22373.13654,
251,Turkey,Administrative data,Trade union  density,2014,Percentage,6.9,TOT,USD_CAP,A,24104.98458,
252,Turkey,Administrative data,Trade union  density,2015,Percentage,8.0,TOT,USD_CAP,A,25855.91268,
253,Turkey,Administrative data,Trade union  density,2016,Percentage,8.2,TOT,USD_CAP,A,26695.909369999998,
254,Turkey,Administrative data,Trade union  density,2017,Percentage,8.6,TOT,USD_CAP,A,28283.0876,
255,Turkey,Administrative data,Trade union  density,2018,Percentage,9.2,TOT,USD_CAP,A,29155.1851,
256,Greece,Administrative data,Trade union  density,2010,Percentage,22.2,TOT,USD_CAP,A,27934.31713,B
257,Greece,Administrative data,Trade union  density,2013,Percentage,23.1,TOT,USD_CAP,A,25947.87063,
258,Greece,Administrative data,Trade union  density,2016,Percentage,20.2,TOT,USD_CAP,A,27471.218210000003,
259,Austria,Administrative data,Trade union  density,2009,Percentage,29.3,TOT,USD_CAP,A,40957.26232,
260,Austria,Administrative data,Trade union  density,2010,Percentage,28.9,TOT,USD_CAP,A,42053.24337,
261,Austria,Administrative data,Trade union  density,2011,Percentage,28.3,TOT,USD_CAP,A,44469.20964,
262,Austria,Administrative data,Trade union  density,2012,Percentage,28.0,TOT,USD_CAP,A,46477.655080000004,
263,Austria,Administrative data,Trade union  density,2013,Percentage,27.8,TOT,USD_CAP,A,47936.67796,
264,Austria,Administrative data,Trade union  density,2014,Percentage,27.7,TOT,USD_CAP,A,48813.53441,
265,Austria,Administrative data,Trade union  density,2015,Percentage,27.4,TOT,USD_CAP,A,49942.05629,
266,Austria,Administrative data,Trade union  density,2016,Percentage,26.9,TOT,USD_CAP,A,52665.08746,
267,Austria,Administrative data,Trade union  density,2017,Percentage,26.7,TOT,USD_CAP,A,54358.36187000001,
268,Austria,Administrative data,Trade union  density,2018,Percentage,26.3,TOT,USD_CAP,A,58869.52762000001,
269,Denmark,Administrative data,Trade union  density,2009,Percentage,67.7,TOT,USD_CAP,A,40361.79068,
270,Denmark,Administrative data,Trade union  density,2010,Percentage,67.2,TOT,USD_CAP,A,43041.19236,
271,Denmark,Administrative data,Trade union  density,2011,Percentage,67.8,TOT,USD_CAP,A,44407.94207,
272,Denmark,Administrative data,Trade union  density,2012,Percentage,68.0,TOT,USD_CAP,A,44808.549210000005,
273,Denmark,Administrative data,Trade union  density,2013,Percentage,67.8,TOT,USD_CAP,A,46742.939660000004,
274,Denmark,Administrative data,Trade union  density,2014,Percentage,67.4,TOT,USD_CAP,A,47905.477080000004,
275,Denmark,Administrative data,Trade union  density,2015,Percentage,67.1,TOT,USD_CAP,A,49058.14234,
276,Denmark,Administrative data,Trade union  density,2016,Percentage,65.5,TOT,USD_CAP,A,51967.02044,
277,Denmark,Administrative data,Trade union  density,2017,Percentage,66.1,TOT,USD_CAP,A,55533.2547,
278,Denmark,Administrative data,Trade union  density,2018,Percentage,66.5,TOT,USD_CAP,A,59272.490260000006,
279,Estonia,Administrative data,Trade union  density,2018,Percentage,4.3,TOT,USD_CAP,A,37554.962719999996,
280,Slovak Republic,Administrative data,Trade union  density,2009,Percentage,16.0,TOT,USD_CAP,A,22963.90885,
281,Slovak Republic,Administrative data,Trade union  density,2010,Percentage,15.2,TOT,USD_CAP,A,25030.421000000002,
282,Slovak Republic,Administrative data,Trade union  density,2011,Percentage,14.1,TOT,USD_CAP,A,26084.1055,
283,Slovak Republic,Administrative data,Trade union  density,2012,Percentage,13.6,TOT,USD_CAP,A,26973.79122,
284,Slovak Republic,Administrative data,Trade union  density,2013,Percentage,13.3,TOT,USD_CAP,A,28004.527789999996,
285,Slovak Republic,Administrative data,Trade union  density,2014,Percentage,12.8,TOT,USD_CAP,A,28997.37568,
286,Slovak Republic,Administrative data,Trade union  density,2015,Percentage,11.7,TOT,USD_CAP,A,29927.681439999997,
287,Slovak Republic,Administrative data,Trade union  density,2016,Percentage,10.7,TOT,USD_CAP,A,29659.331169999998,
288,Slovenia,Administrative data,Trade union  density,2009,Percentage,37.1,TOT,USD_CAP,A,27531.134560000002,
289,Slovenia,Administrative data,Trade union  density,2010,Percentage,29.6,TOT,USD_CAP,A,27844.902439999998,
290,Slovenia,Administrative data,Trade union  density,2011,Percentage,33.1,TOT,USD_CAP,A,28931.423639999997,
291,Slovenia,Administrative data,Trade union  density,2012,Percentage,23.9,TOT,USD_CAP,A,29048.326,
292,Slovenia,Administrative data,Trade union  density,2013,Percentage,23.2,TOT,USD_CAP,A,29979.61884,
293,Slovenia,Administrative data,Trade union  density,2014,Percentage,26.4,TOT,USD_CAP,A,30872.728880000002,
294,Slovenia,Administrative data,Trade union  density,2015,Percentage,20.9,TOT,USD_CAP,A,31631.83838,
295,Slovenia,Administrative data,Trade union  density,2016,Percentage,20.4,TOT,USD_CAP,A,33942.767889999996,
296,Japan,Administrative data,Trade union  density,2009,Percentage,18.4,TOT,USD_CAP,A,33201.9871,
297,Japan,Administrative data,Trade union  density,2010,Percentage,18.3,TOT,USD_CAP,A,34994.37223,
298,Japan,Administrative data,Trade union  density,2011,Percentage,18.0,TOT,USD_CAP,A,35775.256330000004,
299,Japan,Administrative data,Trade union  density,2012,Percentage,17.9,TOT,USD_CAP,A,37213.8374,
300,Japan,Administrative data,Trade union  density,2013,Percentage,17.7,TOT,USD_CAP,A,39008.36056,
301,Japan,Administrative data,Trade union  density,2014,Percentage,17.5,TOT,USD_CAP,A,39183.46568,
302,Japan,Administrative data,Trade union  density,2015,Percentage,17.4,TOT,USD_CAP,A,40398.4029,
303,Japan,Administrative data,Trade union  density,2016,Percentage,17.3,TOT,USD_CAP,A,39983.64366,
304,Japan,Administrative data,Trade union  density,2017,Percentage,17.1,TOT,USD_CAP,A,41119.380730000004,
305,Japan,Administrative data,Trade union  density,2018,Percentage,17.0,TOT,USD_CAP,A,42840.18796,
306,Hungary,Administrative data,Trade union  density,2012,Percentage,11.8,TOT,USD_CAP,A,23206.255119999998,
307,Hungary,Administrative data,Trade union  density,2013,Percentage,11.1,TOT,USD_CAP,A,24498.65869,
308,Hungary,Administrative data,Trade union  density,2014,Percentage,10.2,TOT,USD_CAP,A,25642.55676,
309,Hungary,Administrative data,Trade union  density,2016,Percentage,8.5,TOT,USD_CAP,A,27911.66473,
310,Hungary,Administrative data,Trade union  density,2017,Percentage,8.1,TOT,USD_CAP,A,29559.21447,
311,Hungary,Administrative data,Trade union  density,2018,Percentage,7.9,TOT,USD_CAP,A,32834.03935,
312,Iceland,Survey data,Trade union  density,2009,Percentage,84.9,TOT,USD_CAP,A,41802.99936,
313,Iceland,Survey data,Trade union  density,2010,Percentage,85.2,TOT,USD_CAP,A,39810.80342,
314,Iceland,Survey data,Trade union  density,2012,Percentage,85.3,TOT,USD_CAP,A,42006.54335,
315,Iceland,Survey data,Trade union  density,2014,Percentage,90.4,TOT,USD_CAP,A,45995.00169,
316,Iceland,Survey data,Trade union  density,2017,Percentage,91.0,TOT,USD_CAP,A,55825.94659,
317,Mexico,Survey data,Trade union  density,2011,Percentage,14.7,TOT,USD_CAP,A,16546.64141,
318,Mexico,Survey data,Trade union  density,2012,Percentage,14.0,TOT,USD_CAP,A,17220.06914,
319,Mexico,Survey data,Trade union  density,2013,Percentage,13.8,TOT,USD_CAP,A,17461.79827,
320,Mexico,Survey data,Trade union  density,2014,Percentage,13.6,TOT,USD_CAP,A,18178.397419999998,
321,Mexico,Survey data,Trade union  density,2015,Percentage,13.1,TOT,USD_CAP,A,18454.801480000002,
322,Mexico,Survey data,Trade union  density,2016,Percentage,12.7,TOT,USD_CAP,A,19516.14502,
323,Mexico,Survey data,Trade union  density,2017,Percentage,12.5,TOT,USD_CAP,A,20012.583309999998,
324,Mexico,Survey data,Trade union  density,2018,Percentage,12.0,TOT,USD_CAP,A,20611.5631,E
325,Czech Republic,Administrative data,Trade union  density,2009,Percentage,16.7,TOT,USD_CAP,A,27656.01513,
326,Czech Republic,Administrative data,Trade union  density,2010,Percentage,16.1,TOT,USD_CAP,A,27789.60838,
327,Czech Republic,Administrative data,Trade union  density,2011,Percentage,15.4,TOT,USD_CAP,A,28999.754760000003,
328,Czech Republic,Administrative data,Trade union  density,2012,Percentage,14.8,TOT,USD_CAP,A,29258.90485,
329,Czech Republic,Administrative data,Trade union  density,2013,Percentage,13.6,TOT,USD_CAP,A,30828.526410000002,
330,Czech Republic,Administrative data,Trade union  density,2014,Percentage,12.9,TOT,USD_CAP,A,32504.21758,
331,Czech Republic,Administrative data,Trade union  density,2015,Percentage,12.0,TOT,USD_CAP,A,33909.309239999995,
332,Czech Republic,Administrative data,Trade union  density,2016,Percentage,12.0,TOT,USD_CAP,A,36101.2856,
333,Czech Republic,Administrative data,Trade union  density,2017,Percentage,11.7,TOT,USD_CAP,A,38966.92957,
334,Czech Republic,Administrative data,Trade union  density,2018,Percentage,11.5,TOT,USD_CAP,A,42446.18578,
335,Sweden,Survey data,Trade union  density,2018,Percentage,64.9,TOT,USD_CAP,A,55243.37002,
336,Germany,Administrative data,Trade union  density,2009,Percentage,18.8,TOT,USD_CAP,A,37492.64945,
337,Germany,Administrative data,Trade union  density,2010,Percentage,18.9,TOT,USD_CAP,A,39707.32995,
338,Germany,Administrative data,Trade union  density,2011,Percentage,18.4,TOT,USD_CAP,A,42541.51313,
339,Germany,Administrative data,Trade union  density,2012,Percentage,18.3,TOT,USD_CAP,A,43359.54105,
340,Germany,Administrative data,Trade union  density,2013,Percentage,18.0,TOT,USD_CAP,A,44993.667839999995,
341,Germany,Administrative data,Trade union  density,2014,Percentage,17.7,TOT,USD_CAP,A,47011.2804,
342,Germany,Administrative data,Trade union  density,2015,Percentage,17.6,TOT,USD_CAP,A,47609.557160000004,
343,Germany,Administrative data,Trade union  density,2016,Percentage,17.0,TOT,USD_CAP,A,50579.48372,
344,Germany,Administrative data,Trade union  density,2017,Percentage,16.7,TOT,USD_CAP,A,53121.987180000004,
345,Germany,Administrative data,Trade union  density,2018,Percentage,16.5,TOT,USD_CAP,A,56688.96969,
346,Australia,Administrative data,Trade union  density,2017,Percentage,14.7,TOT,USD_CAP,A,51011.46292,
347,Portugal,Administrative data,Trade union  density,2010,Percentage,19.6,TOT,USD_CAP,A,27282.76635,
348,Portugal,Administrative data,Trade union  density,2011,Percentage,18.7,TOT,USD_CAP,A,26769.42769,
349,Portugal,Administrative data,Trade union  density,2015,Percentage,16.1,TOT,USD_CAP,A,29660.8459,
350,Portugal,Administrative data,Trade union  density,2016,Percentage,15.3,TOT,USD_CAP,A,31607.61019,
351,Netherlands,Administrative data,Trade union  density,2014,Percentage,18.1,TOT,USD_CAP,A,49233.23035,
352,Netherlands,Administrative data,Trade union  density,2015,Percentage,17.7,TOT,USD_CAP,A,50288.35282,
353,Netherlands,Administrative data,Trade union  density,2016,Percentage,17.3,TOT,USD_CAP,A,52289.40429,
354,Netherlands,Administrative data,Trade union  density,2017,Percentage,16.8,TOT,USD_CAP,A,55265.49378,
355,Netherlands,Administrative data,Trade union  density,2018,Percentage,16.4,TOT,USD_CAP,A,59727.051960000004,P
356,Israel,Administrative data,Trade union  density,2017,Percentage,25.0,TOT,USD_CAP,A,38974.20549,
357,Canada,Survey data,Trade union  density,2016,Percentage,26.3,TOT,USD_CAP,A,46472.36877,
358,Canada,Survey data,Trade union  density,2017,Percentage,26.3,TOT,USD_CAP,A,48479.82359,
359,Canada,Survey data,Trade union  density,2018,Percentage,25.9,TOT,USD_CAP,A,51106.8957,
360,New Zealand,Administrative data,Trade union  density,2009,Percentage,21.5,TOT,USD_CAP,A,30587.843230000002,
361,New Zealand,Administrative data,Trade union  density,2010,Percentage,21.4,TOT,USD_CAP,A,31174.156469999998,
362,New Zealand,Administrative data,Trade union  density,2011,Percentage,20.5,TOT,USD_CAP,A,32680.389989999996,
363,New Zealand,Administrative data,Trade union  density,2012,Percentage,20.3,TOT,USD_CAP,A,32924.63188,
364,New Zealand,Administrative data,Trade union  density,2013,Percentage,19.5,TOT,USD_CAP,A,36100.252089999994,
365,New Zealand,Administrative data,Trade union  density,2014,Percentage,18.5,TOT,USD_CAP,A,37133.665010000004,
366,New Zealand,Administrative data,Trade union  density,2015,Percentage,17.9,TOT,USD_CAP,A,37338.63626,
367,Italy,Administrative data,Trade union  density,2009,Percentage,34.7,TOT,USD_CAP,A,34347.69748,
368,Italy,Administrative data,Trade union  density,2010,Percentage,35.5,TOT,USD_CAP,A,34860.57804,
369,Italy,Administrative data,Trade union  density,2011,Percentage,35.8,TOT,USD_CAP,A,36183.31603,
370,Italy,Administrative data,Trade union  density,2012,Percentage,36.3,TOT,USD_CAP,A,36002.9087,
371,Italy,Administrative data,Trade union  density,2013,Percentage,36.8,TOT,USD_CAP,A,36067.70734,
372,Italy,Administrative data,Trade union  density,2014,Percentage,36.4,TOT,USD_CAP,A,36194.91667,
373,Italy,Administrative data,Trade union  density,2015,Percentage,35.7,TOT,USD_CAP,A,36899.3964,
374,Italy,Administrative data,Trade union  density,2016,Percentage,34.4,TOT,USD_CAP,A,39926.96617,
375,Italy,Administrative data,Trade union  density,2017,Percentage,34.3,TOT,USD_CAP,A,41713.908339999994,
376,Italy,Administrative data,Trade union  density,2018,Percentage,34.4,TOT,USD_CAP,A,44444.72835,
377,Ireland,Survey data,Trade union  density,2012,Percentage,30.1,TOT,USD_CAP,A,46274.52425,
378,Ireland,Survey data,Trade union  density,2014,Percentage,26.3,TOT,USD_CAP,A,51212.500060000006,
379,Ireland,Survey data,Trade union  density,2015,Percentage,25.4,TOT,USD_CAP,A,69133.71061000001,
380,Ireland,Survey data,Trade union  density,2018,Percentage,24.1,TOT,USD_CAP,A,87710.31886,
381,Lithuania,Administrative data,Trade union  density,2009,Percentage,10.0,TOT,USD_CAP,A,18130.0478,
382,Lithuania,Administrative data,Trade union  density,2010,Percentage,10.1,TOT,USD_CAP,A,20112.10313,
383,Lithuania,Administrative data,Trade union  density,2011,Percentage,9.7,TOT,USD_CAP,A,22884.80436,
384,Lithuania,Administrative data,Trade union  density,2012,Percentage,9.0,TOT,USD_CAP,A,24703.697940000002,
385,Lithuania,Administrative data,Trade union  density,2013,Percentage,8.4,TOT,USD_CAP,A,26721.60193,
386,Lithuania,Administrative data,Trade union  density,2014,Percentage,8.1,TOT,USD_CAP,A,28184.499089999998,
387,Lithuania,Administrative data,Trade union  density,2015,Percentage,7.9,TOT,USD_CAP,A,28834.45757,
388,Lithuania,Administrative data,Trade union  density,2016,Percentage,7.7,TOT,USD_CAP,A,30925.151810000003,
389,Lithuania,Administrative data,Trade union  density,2017,Percentage,7.7,TOT,USD_CAP,A,33869.71525,
390,Lithuania,Administrative data,Trade union  density,2018,Percentage,7.1,TOT,USD_CAP,A,37493.45215,
391,United States,Survey data,Trade union  density,2009,Percentage,11.8,TOT,USD_CAP,A,47028.1604,
392,United States,Survey data,Trade union  density,2010,Percentage,11.4,TOT,USD_CAP,A,48396.74085,
393,United States,Survey data,Trade union  density,2011,Percentage,11.3,TOT,USD_CAP,A,49814.37133,
394,United States,Survey data,Trade union  density,2012,Percentage,10.8,TOT,USD_CAP,A,51548.02172,
395,United States,Survey data,Trade union  density,2013,Percentage,10.8,TOT,USD_CAP,A,53056.67648,
396,United States,Survey data,Trade union  density,2014,Percentage,10.7,TOT,USD_CAP,A,55008.0124,
397,United States,Survey data,Trade union  density,2015,Percentage,10.6,TOT,USD_CAP,A,56831.65482,
398,United States,Survey data,Trade union  density,2016,Percentage,10.3,TOT,USD_CAP,A,58000.888029999995,
399,United States,Survey data,Trade union  density,2017,Percentage,10.3,TOT,USD_CAP,A,60091.568779999994,
400,United States,Survey data,Trade union  density,2018,Percentage,10.1,TOT,USD_CAP,A,63043.04647,
